"證券代號","證券名稱","成交股數","成交筆數","成交金額","開盤價","最高價","最低價","收盤價","漲跌(+/-)","漲跌價差","最後揭示買價","最後揭示買量","最後揭示賣價","最後揭示賣量","本益比",
"1471","首利","141,598","47","366,046","2.57","2.60","2.57","2.60","+","0.06","2.58","24","2.60","6","",
"1582","信錦","382,749","271","30,918,993","82.00","82.00","80.10","80.10","-","1.90","80.10","22","80.40","52","11.08",
"2059","川湖","386,800","321","129,827,000","342.00","342.00","333.00","333.00","-","6.50","333.00","6","333.50","1","20.19",
"2301","光寶科","24,565,615","6,501","1,279,226,480","51.40","52.60","51.30","52.40"," ","0.00","52.30","60","52.40","60","12.84",
"2302","麗正","133,053","48","973,403","7.34","7.38","7.26","7.28","-","0.05","7.28","13","7.31","3","",
"2303","聯電","57,562,916","7,692","889,415,109","15.40","15.60","15.40","15.40","+","0.05","15.40","264","15.45","149","17.50",
"2305","全友","408,536","187","2,488,226","6.02","6.16","6.01","6.05","+","0.05","6.03","23","6.05","1","",
"2308","台達電","18,824,251","8,898","3,120,884,666","164.00","166.50","163.50","166.50","+","4.00","166.00","79","166.50","101","19.82",
"2312","金寶","10,506,455","2,303","115,625,952","11.20","11.20","10.90","10.90","-","0.20","10.90","1,224","10.95","6","38.93",
"2313","華通","31,441,880","14,239","1,492,231,639","48.10","48.25","47.00","47.45","-","0.40","47.40","4","47.45","14","12.76",
"2314","台揚","2,470,169","1,049","56,351,540","22.85","23.20","22.50","22.50","-","0.20","22.50","30","22.55","2","",
"2316","楠梓電","1,573,358","919","48,649,133","31.15","31.35","30.70","30.75","-","0.30","30.75","18","30.85","2","11.87",
"2317","鴻海","35,887,232","7,669","2,822,258,010","78.60","78.90","78.10","78.80","+","0.30","78.70","3","78.80","766","11.19",
"2321","東訊","45,999","28","72,158","1.47","1.61","1.47","1.53","+","0.06","1.50","8","1.53","11","",
"2323","中環","4,306,378","1,071","32,535,689","7.58","7.62","7.51","7.51","-","0.02","7.51","156","7.53","10","",
"2324","仁寶","22,620,691","5,289","442,511,209","19.55","19.75","19.35","19.50","-","0.05","19.50","651","19.55","139","13.64",
"2327","國巨","19,665,495","13,288","8,040,091,178","415.00","417.00","404.50","404.50","-","0.50","404.50","170","405.00","70","25.78",
"2328","廣宇","2,644,544","767","47,851,005","18.10","18.30","17.95","17.95","-","0.20","17.95","38","18.00","297","9.97",
"2329","華泰","11,695,600","3,025","140,238,423","12.15","12.30","11.80","11.90","-","0.45","11.90","359","11.95","3","12.53",
"2330","台積電","48,130,280","12,915","15,102,300,186","314.00","314.50","312.00","314.50"," ","0.00","314.00","8","314.50","675","20.34",
"2331","精英","1,439,732","480","16,987,335","11.55","12.00","11.55","11.85","+","0.40","11.80","3","11.85","30","",
"2332","友訊","20,496,201","4,568","293,511,764","14.45","14.95","13.90","13.90","-","0.70","13.90","1,572","14.20","2","",
"2337","旺宏","50,390,866","18,389","1,643,660,419","32.45","32.95","32.35","32.40","+","0.30","32.40","365","32.45","467","14.53",
"2338","光罩","2,595,535","1,215","70,823,895","27.30","27.50","27.00","27.20","+","0.10","27.20","24","27.25","19","34.87",
"2340","光磊","4,050,566","1,639","81,649,392","20.35","20.50","19.80","19.80","-","0.45","19.80","24","19.85","147","12.22",
"2342","茂矽","6,304,383","3,161","184,004,672","29.20","29.70","28.65","28.70","-","0.20","28.65","51","28.70","5","",
"2344","華邦電","16,909,739","4,073","228,303,375","13.50","13.65","13.40","13.40","-","0.05","13.40","1,068","13.45","31","70.53",
"2345","智邦","8,627,082","5,306","1,985,920,756","222.50","234.00","222.50","230.00","+","7.00","230.00","197","230.50","1","24.49",
"2347","聯強","13,074,852","4,575","536,176,971","41.30","41.85","40.80","40.80","-","0.40","40.80","247","40.95","30","9.81",
"2349","錸德","5,600,787","1,327","30,837,849","5.56","5.60","5.42","5.42","-","0.08","5.41","50","5.42","269","",
"2351","順德","710,048","431","34,512,096","48.75","49.20","48.25","48.80","+","0.35","48.80","14","48.95","1","23.02",
"2352","佳世達","4,328,586","1,373","75,536,807","17.45","17.55","17.35","17.40","+","0.05","17.35","575","17.40","239","11.76",
"2353","宏碁","10,540,842","2,065","185,194,714","17.65","17.70","17.50","17.55","-","0.10","17.55","25","17.60","1,175","21.14",
"2354","鴻準","6,667,925","2,874","362,529,702","55.40","55.40","54.10","54.10","-","1.10","54.10","196","54.40","2","11.20",
"2355","敬鵬","1,166,632","658","30,719,655","26.50","26.65","26.10","26.10","-","0.50","26.10","27","26.25","35","16.11",
"2356","英業達","27,263,511","6,449","701,497,185","25.75","25.85","25.50","25.80"," ","0.00","25.75","14","25.80","474","13.51",
"2357","華碩","6,795,486","2,867","1,605,863,429","232.50","240.00","232.50","236.50","+","1.50","236.50","1","237.50","24","16.21",
"2359","所羅門","12,529,928","4,484","261,501,251","19.95","21.60","19.65","21.50","+","1.80","21.40","4","21.50","65","23.12",
"2360","致茂","1,467,258","1,003","222,821,700","153.00","154.50","149.00","151.50","-","0.50","151.00","1","151.50","8","31.24",
"2362","藍天","476,652","205","14,135,361","29.85","30.05","29.55","29.55","-","0.30","29.55","29","29.70","118","47.66",
"2363","矽統","9,373,836","2,710","113,777,282","12.10","12.30","11.90","12.30","+","0.30","12.25","390","12.30","480","",
"2364","倫飛","128,109","21","254,934","1.99","1.99","1.99","1.99","-","0.01","1.97","7","1.99","69","",
"2365","昆盈","357,941","123","3,133,632","8.72","8.81","8.71","8.80","+","0.08","8.78","3","8.80","33","12.57",
"2367","燿華","44,756,088","16,509","1,233,717,000","27.75","28.15","27.10","27.45"," ","0.00","27.40","34","27.45","74","11.02",
"2368","金像電","25,225,449","10,007","839,287,645","33.30","33.60","32.90","33.30","+","0.15","33.20","26","33.30","139","24.13",
"2369","菱生","6,062,519","1,747","64,691,300","10.45","10.90","10.20","10.75","+","0.35","10.70","33","10.75","25","",
"2373","震旦行","11,066","16","996,583","89.30","90.50","89.30","90.50","+","1.20","89.30","11","90.70","4","16.31",
"2374","佳能","668,720","405","8,546,359","12.85","13.10","12.70","12.70","-","0.25","12.70","55","12.75","90","",
"2375","凱美","2,488,975","1,333","91,260,525","36.95","37.20","36.20","36.20","-","0.40","36.20","57","36.25","3","19.05",
"2376","技嘉","9,164,168","5,775","582,626,813","64.60","64.80","63.00","63.00","-","1.80","63.00","35","63.10","6","16.89",
"2377","微星","6,239,931","3,014","645,291,921","105.00","105.50","102.50","102.50","-","2.00","102.50","26","103.00","2","15.65",
"2379","瑞昱","5,569,609","4,047","1,641,505,046","290.00","298.00","289.00","295.00","+","9.00","295.00","281","295.50","29","21.28",
"2380","虹光","221,103","107","807,369","3.60","3.70","3.58","3.70","+","0.06","3.70","9","3.71","8","",
"2382","廣達","19,301,217","8,364","1,353,174,083","70.60","71.60","69.60","69.60","+","0.80","69.60","336","69.80","3","17.44",
"2383","台光電","5,472,173","3,316","881,990,300","163.50","164.00","159.00","161.00","-","1.50","160.50","23","161.00","62","14.72",
"2385","群光","5,464,271","3,300","458,798,419","83.80","85.50","83.30","83.70","+","0.20","83.70","8","83.80","113","13.79",
"2387","精元","14,199,474","7,220","547,695,883","39.50","40.30","37.50","37.85","-","1.60","37.80","5","37.85","8","344.09",
"2388","威盛","7,281,555","1,107","195,343,166","27.30","28.20","26.60","26.60","-","0.80","26.55","248","26.60","7,741","380.00",
"2390","云辰","41,488,660","17,192","756,990,033","18.90","19.20","17.55","17.65"," ","0.00","17.60","209","17.65","1","",
"2392","正崴","4,098,928","1,985","157,188,816","38.00","38.75","37.75","38.45","+","0.50","38.40","41","38.45","10","9.76",
"2393","億光","7,092,613","3,908","229,530,150","33.50","33.50","32.00","32.00","-","1.75","32.00","161","32.05","6","17.88",
"2395","研華","1,260,156","671","373,668,864","297.00","300.00","295.50","295.50","-","3.00","295.50","18","296.00","1","29.46",
"2397","友通","23,105","22","1,786,863","77.60","77.70","76.50","77.10","-","0.40","76.90","1","77.20","1","14.33",
"2399","映泰","606,000","242","6,002,000","9.85","9.99","9.85","9.88"," ","0.00","9.88","1","9.90","7","",
"2401","凌陽","7,481,034","2,239","88,915,243","11.65","12.10","11.65","11.95","+","0.35","11.90","189","11.95","133","",
"2402","毅嘉","2,058,624","716","27,708,470","13.60","13.75","13.20","13.20","-","0.40","13.20","28","13.30","126","16.92",
"2404","漢唐","3,510,788","2,376","726,071,704","211.50","211.50","205.00","205.50","-","4.50","205.50","11","206.00","4","13.76",
"2405","浩鑫","823,000","314","7,757,860","9.38","9.49","9.37","9.37","-","0.01","9.37","11","9.38","2","",
"2406","國碩","14,026,592","3,342","129,959,155","8.94","9.63","8.88","9.18","+","0.27","9.18","7","9.20","1","",
"2408","南亞科","23,045,854","9,162","1,382,848,940","60.10","60.50","59.80","59.80","-","0.60","59.80","441","59.90","11","22.40",
"2409","友達","273,874,924","39,403","2,600,641,543","9.40","9.77","9.25","9.25"," ","0.00","9.25","4,298","9.27","4","",
"2412","中華電","13,986,807","3,010","1,582,151,691","113.00","113.50","112.50","113.00","+","0.50","113.00","3,762","113.50","3,184","26.78",
"2413","環科","217,000","83","2,666,450","12.15","12.50","12.15","12.25","+","0.05","12.25","12","12.30","15","",
"2414","精技","328,052","183","8,427,575","25.75","25.90","25.60","25.60","-","0.20","25.55","39","25.60","10","13.47",
"2415","錩新","165,551","93","2,809,160","16.95","17.10","16.90","17.00","+","0.15","16.95","2","17.00","21","21.25",
"2417","圓剛","8,070,477","3,699","210,183,784","26.90","26.90","25.60","26.40","-","0.50","26.40","93","26.45","143","82.50",
"2419","仲琦","2,241,752","1,132","51,291,979","22.90","23.05","22.60","22.95","+","0.45","22.90","29","22.95","24","42.50",
"2420","新巨","96,270","81","3,212,503","33.35","33.55","33.25","33.35"," ","0.00","33.35","28","33.40","1","11.19",
"2421","建準","2,869,518","1,644","146,445,223","51.80","51.80","50.20","51.60","+","0.10","51.60","1,178","51.70","40","17.79",
"2423","固緯","243,355","161","6,023,439","25.05","25.05","24.60","24.80","-","0.10","24.75","1","24.80","2","11.87",
"2424","隴華","32,050","28","740,525","22.00","23.55","22.00","23.55","+","2.10","23.55","8","--","0","",
"2425","承啟","310,756","184","7,643,972","24.90","24.95","24.35","24.65","-","0.20","24.65","1","24.70","6","26.51",
"2426","鼎元","1,760,968","818","24,674,897","14.35","14.35","13.85","13.95","-","0.30","13.95","8","14.00","88","",
"2427","三商電","338,072","83","3,479,048","10.30","10.35","10.25","10.30","+","0.05","10.25","114","10.30","102","16.89",
"2428","興勤","243,368","203","22,054,902","91.00","91.40","90.00","90.30","+","0.10","90.20","5","90.40","5","10.85",
"2429","銘旺科","98,200","61","1,934,290","20.00","20.00","19.40","19.55","-","0.20","19.55","8","19.80","5","",
"2430","燦坤","1,053,200","389","19,347,179","18.25","18.60","18.25","18.50","X","0.00","18.45","3","18.50","19","13.41",
"2431","聯昌","522,255","142","4,440,827","8.46","8.60","8.46","8.52","+","0.02","8.50","2","8.52","1","16.08",
"2433","互盛電","75,463","68","4,107,965","54.20","54.60","54.20","54.60","+","0.40","54.50","1","54.60","2","13.35",
"2434","統懋","25,348","19","153,071","6.57","6.57","6.00","6.01","+","0.01","6.00","23","6.32","1","",
"2436","偉詮電","2,703,322","1,308","75,343,622","28.25","28.45","27.45","27.45","-","0.65","27.40","46","27.45","19","57.19",
"2438","翔耀","77,789","57","511,998","6.75","6.75","6.50","6.51","-","0.26","6.51","7","6.54","1","130.20",
"2439","美律","3,696,839","2,341","510,419,860","137.50","140.50","136.50","136.50","-","0.50","136.50","4","137.00","14","13.06",
"2440","太空梭","77,999","32","646,969","8.30","8.34","8.28","8.28"," ","0.00","8.26","2","8.34","1","",
"2441","超豐","749,758","351","34,420,479","46.05","46.10","45.65","45.95","-","0.05","45.95","31","46.00","42","12.45",
"2442","新美齊","2,841,441","640","23,762,554","8.28","8.49","8.19","8.23","-","0.03","8.22","23","8.23","1","",
"2444","兆勁","706,734","279","10,414,812","14.70","14.90","14.55","14.90","+","0.20","14.90","41","14.95","33","248.33",
"2448","晶電","84,467,067","33,060","3,320,051,942","40.90","40.90","37.30","37.45","X","0.00","37.45","101","37.50","126","",
"2449","京元電子","21,025,444","8,233","693,591,676","32.90","33.20","32.70","33.20","+","0.45","33.15","7","33.20","358","11.41",
"2450","神腦","204,255","95","6,255,382","30.30","30.90","30.25","30.90","+","0.60","30.90","154","30.95","6","18.28",
"2451","創見","2,373,801","1,405","171,279,272","72.90","73.10","71.60","71.60","-","1.00","71.50","71","71.60","51","16.85",
"2453","凌群","8,169,010","3,723","159,750,532","18.50","20.15","18.50","18.85","+","0.50","18.85","8","18.90","8","15.45",
"2454","聯發科","22,189,522","15,535","11,989,751,968","520.00","560.00","518.00","546.00","+","33.00","546.00","4","547.00","9","34.08",
"2455","全新","2,619,469","1,977","237,961,410","89.70","91.70","89.60","90.00","+","0.40","90.00","75","90.10","1","29.51",
"2456","奇力新","3,070,228","2,084","290,654,546","95.00","95.50","93.60","93.60","-","0.60","93.60","6","94.00","3","22.02",
"2457","飛宏","868,428","296","7,030,264","8.16","8.17","8.02","8.03","-","0.04","8.02","7","8.03","6","",
"2458","義隆","14,225,132","7,657","1,779,376,173","123.00","126.50","122.00","126.50","+","4.50","126.00","18","126.50","108","17.09",
"2459","敦吉","99,658","89","4,099,840","41.25","41.25","41.05","41.15","-","0.10","41.10","11","41.15","1","9.73",
"2460","建通","64,151","45","566,078","8.90","8.98","8.74","8.76","+","0.02","8.76","1","8.78","1","",
"2461","光群雷","338,001","155","4,999,564","14.80","14.95","14.65","14.65","-","0.15","14.65","52","14.75","12","",
"2462","良得電","62,604","45","1,633,380","26.30","26.30","25.95","25.95","-","0.40","25.95","2","26.10","6","41.19",
"2464","盟立","1,585,148","844","61,746,033","38.60","39.15","38.60","38.90","+","0.35","38.90","23","39.00","15","12.47",
"2465","麗臺","125,350","60","1,176,713","9.46","9.46","9.30","9.40","-","0.07","9.38","1","9.40","2","",
"2466","冠西電","92,000","52","2,684,300","29.20","29.45","28.85","29.35","+","0.05","29.25","1","29.40","2","163.06",
"2467","志聖","998,245","480","28,110,883","28.40","28.40","28.05","28.05","-","0.20","28.05","29","28.10","17","13.55",
"2468","華經","1,223,124","527","19,828,588","16.10","16.90","15.90","16.05","+","0.20","16.00","2","16.05","4","21.12",
"2471","資通","1,458,233","857","33,993,521","23.05","23.85","22.85","23.35","+","0.65","23.20","3","23.35","3","14.07",
"2472","立隆電","1,530,204","982","67,631,314","44.00","44.70","43.60","43.70","-","0.10","43.70","12","43.75","3","12.82",
"2474","可成","4,747,896","2,521","1,056,430,751","224.00","224.00","221.50","222.50","-","0.50","222.50","19","223.00","65","12.64",
"2476","鉅祥","238,678","148","4,787,342","20.15","20.15","20.00","20.05","-","0.10","20.05","7","20.10","7","16.57",
"2477","美隆電","51,150","33","1,113,319","21.80","21.85","21.60","21.80","+","0.20","21.80","4","21.85","1","12.39",
"2478","大毅","7,604,623","4,841","612,324,148","80.50","81.90","79.00","79.00","-","0.50","79.00","19","79.20","2","21.58",
"2480","敦陽科","685,866","516","47,491,821","68.80","69.90","68.80","69.00","+","0.40","69.00","18","69.10","3","16.16",
"2481","強茂","12,613,181","4,994","367,218,801","28.95","29.65","28.30","28.30","-","0.50","28.30","150","28.40","59","18.99",
"2482","連宇","166,800","97","1,964,929","11.80","11.85","11.70","11.80","+","0.05","11.75","3","11.80","4","14.94",
"2483","百容","54,100","45","1,041,275","19.25","19.30","19.20","19.30"," ","0.00","19.25","3","19.30","3","13.13",
"2484","希華","467,088","252","9,572,244","20.65","20.65","20.40","20.40","-","0.15","20.40","10","20.45","2","25.50",
"2485","兆赫","13,559,637","5,513","270,695,906","19.95","20.70","19.20","20.05","+","0.20","20.00","30","20.05","15","",
"2486","一詮","479,657","165","3,506,146","7.35","7.35","7.25","7.30","+","0.01","7.25","9","7.30","30","",
"2488","漢平","74,800","62","2,162,809","28.85","29.00","28.80","28.90","-","0.05","28.90","6","29.00","21","11.51",
"2489","瑞軒","7,700,570","2,359","63,535,730","8.22","8.44","8.11","8.12","-","0.02","8.12","47","8.14","34","",
"2491","吉祥全","91,019","39","713,443","7.80","8.00","7.74","7.74","-","0.06","7.74","1","7.77","1","1.42",
"2492","華新科","8,538,312","5,546","1,616,089,802","192.00","193.00","187.00","187.00","-","3.00","187.00","219","187.50","28","18.16",
"2493","揚博","1,195,390","512","42,092,708","35.00","35.50","34.80","35.35","+","0.40","35.30","9","35.35","55","14.20",
"2495","普安","1,070,998","420","14,001,470","13.00","13.35","12.85","13.35","+","0.45","13.35","145","13.40","85","",
"2498","宏達電","20,757,308","4,691","635,581,646","31.00","31.20","30.30","30.30","-","0.50","30.30","15","30.35","43","",
"3002","歐格","466,000","153","5,263,750","11.45","11.50","11.15","11.30","-","0.05","11.30","7","11.35","8","28.97",
"3003","健和興","584,300","408","24,845,304","43.00","43.00","42.15","42.35","+","0.45","42.35","21","42.45","7","14.31",
"3005","神基","6,422,017","3,396","271,535,820","43.15","43.40","41.65","41.95","-","1.20","41.95","11","42.00","6","11.82",
"3006","晶豪科","2,444,607","1,492","94,907,206","38.70","39.15","38.60","38.65","+","0.15","38.65","4","38.70","2","14.70",
"3008","大立光","887,969","955","3,603,030,710","4,060.00","4,100.00","4,025.00","4,055.00","+","5.00","4,050.00","11","4,055.00","3","18.17",
"3010","華立","628,200","346","35,214,180","56.40","56.70","55.70","55.70","-","0.80","55.70","59","55.80","2","8.93",
"3011","今皓","165,000","64","951,320","5.77","5.86","5.71","5.72","-","0.05","5.72","1","5.76","1","",
"3013","晟銘電","200,000","89","2,568,550","12.95","13.00","12.75","12.85","-","0.05","12.80","1","12.85","1","14.28",
"3014","聯陽","3,881,187","2,256","242,156,533","62.00","63.30","61.60","61.60","+","0.10","61.60","73","62.00","1","16.97",
"3015","全漢","426,974","182","9,879,402","23.25","23.50","23.00","23.00","-","0.25","23.00","11","23.10","90","29.11",
"3016","嘉晶","14,773,205","8,827","1,053,661,259","69.00","73.30","69.00","69.50","+","1.20","69.50","107","69.60","15","1,390.00",
"3017","奇鋐","9,576,734","4,540","399,820,973","41.75","42.15","41.35","41.35","-","0.05","41.35","52","41.40","6","15.04",
"3018","同開","193,937","123","3,599,320","18.60","18.80","18.45","18.45","-","0.20","18.45","1","18.50","6","",
"3019","亞光","9,348,176","3,345","661,703,220","71.20","72.40","70.00","70.00","-","0.70","70.00","47","70.10","19","26.42",
"3021","鴻名","32,513","26","426,270","13.10","13.20","13.00","13.20","+","0.05","13.15","3","13.20","13","11.28",
"3022","威強電","429,094","278","19,008,658","45.30","45.30","43.60","43.60","-","1.20","43.55","1","43.60","256","11.63",
"3023","信邦","1,613,510","1,241","237,412,728","149.00","149.50","146.00","146.00","-","3.00","146.00","51","147.00","26","18.84",
"3024","憶聲","8,662,087","2,137","84,565,543","9.78","9.98","9.55","9.74","+","0.22","9.74","3","9.78","59","54.11",
"3025","星通","38,000","29","702,700","18.60","18.70","18.40","18.60","-","0.10","18.45","3","18.60","3","16.03",
"3026","禾伸堂","2,563,984","1,796","324,000,000","127.00","127.50","125.00","125.00","-","1.00","125.00","50","125.50","10","23.95",
"3027","盛達","342,744","128","2,961,594","8.66","8.71","8.59","8.68","+","0.02","8.63","1","8.68","2","",
"3028","增你強","120,001","72","2,314,269","19.45","19.45","19.20","19.30","-","0.15","19.30","28","19.35","7","19.90",
"3029","零壹","4,864,755","2,777","185,540,304","38.50","38.80","37.60","37.65","+","0.05","37.65","18","37.70","5","13.12",
"3030","德律","1,200,800","749","65,411,320","54.30","55.10","53.80","54.20","+","0.40","54.20","50","54.40","1","13.19",
"3031","佰鴻","981,594","493","15,060,288","15.75","15.80","15.05","15.05","-","0.50","15.05","16","15.10","13","12.54",
"3032","偉訓","264,001","120","8,092,880","30.85","30.85","30.55","30.65","+","0.10","30.65","15","30.70","11","11.52",
"3033","威健","827,272","324","13,034,012","15.60","16.00","15.55","15.70","+","0.20","15.70","35","15.75","22","20.93",
"3034","聯詠","10,815,712","6,247","2,406,560,852","217.00","226.00","216.50","222.00","+","6.50","222.00","133","222.50","1","16.53",
"3035","智原","13,141,197","3,540","545,126,872","42.10","42.95","41.00","41.00","-","0.80","40.95","232","41.00","645","35.04",
"3036","文曄","2,711,550","988","105,937,960","38.85","39.45","38.85","38.90","+","0.05","38.90","113","39.10","1","8.33",
"3037","欣興","32,951,773","12,815","1,508,765,594","46.15","46.40","45.25","45.95","+","0.20","45.90","20","45.95","532","20.51",
"3038","全台","4,250,949","1,496","88,839,233","20.85","21.15","20.70","20.80"," ","0.00","20.80","93","20.85","1","12.46",
"3041","揚智","4,374,622","2,088","91,429,452","20.90","20.90","20.90","20.90","+","1.90","20.90","8,694","--","0","",
"3042","晶技","5,741,783","3,324","342,208,159","60.40","60.60","59.20","59.20","-","1.10","59.20","66","59.40","15","21.53",
"3043","科風","424,253","66","837,544","1.99","1.99","1.93","1.93"," ","0.00","1.92","1","1.93","7","5.08",
"3044","健鼎","9,823,210","4,834","1,317,440,026","131.00","136.50","130.50","134.50","+","2.00","134.50","7","135.00","45","11.90",
"3045","台灣大","11,072,114","4,281","1,188,819,246","107.50","108.50","106.50","107.00","-","0.50","107.00","284","107.50","56","23.62",
"3046","建碁","386,052","263","7,432,825","18.60","19.95","18.55","19.20","+","1.05","19.20","7","19.35","2","",
"3047","訊舟","1,498,479","545","14,026,484","9.26","9.50","9.21","9.22","+","0.02","9.22","36","9.25","2","",
"3048","益登","735,775","322","13,219,070","17.80","18.05","17.80","17.95","+","0.15","17.90","10","17.95","33","9.02",
"3049","和鑫","5,971,518","1,400","61,033,726","10.15","10.35","10.10","10.10","-","0.05","10.10","306","10.15","2","8.71",
"3050","鈺德","182,640","62","1,734,446","9.52","9.52","9.46","9.50","+","0.03","9.50","8","9.51","3","23.75",
"3051","力特","188,000","48","732,574","3.94","3.94","3.87","3.87","-","0.07","3.87","4","3.88","5","",
"3054","立萬利","18,743","17","445,409","23.70","23.85","23.70","23.85"," ","0.00","23.80","1","23.95","2","",
"3055","蔚華科","103,145","51","2,855,537","27.70","27.90","27.50","27.85"," ","0.00","27.80","1","27.85","3","",
"3057","喬鼎","477,809","175","2,364,431","4.95","5.05","4.90","4.93","+","0.04","4.93","4","4.94","1","",
"3058","立德","87,292","63","583,524","6.67","6.71","6.65","6.68","-","0.01","6.68","2","6.69","5","",
"3059","華晶科","2,624,007","1,325","67,879,725","25.55","26.20","25.50","25.60","-","0.10","25.60","161","25.65","1","77.58",
"3060","銘異","2,817,076","761","38,248,952","13.35","13.85","13.30","13.40","+","0.15","13.40","125","13.50","1","",
"3062","建漢","1,166,715","472","17,125,934","14.65","14.85","14.55","14.60","-","0.05","14.55","48","14.60","3","365.00",
"3090","日電貿","1,520,116","754","80,055,348","52.50","53.10","52.10","53.10","+","0.80","53.10","193","53.20","38","16.80",
"3094","聯傑","319,039","153","6,363,676","20.10","20.10","19.85","19.90","+","0.05","19.85","12","19.90","3","48.54",
"3130","一零四","3,265","9","525,796","160.50","161.50","160.50","161.00","+","0.50","161.00","1","161.50","2","18.44",
"3149","正達","456,617","177","3,305,242","7.36","7.36","7.18","7.24","+","0.03","7.22","2","7.24","12","",
"3189","景碩","37,438,540","20,251","2,425,335,862","63.50","66.30","62.60","65.50","+","2.90","65.50","60","65.60","129","",
"3209","全科","1,119,133","456","22,903,286","20.20","20.75","20.10","20.70","+","0.55","20.65","73","20.70","40","11.31",
"3229","晟鈦","586,050","287","6,933,280","12.30","12.40","11.60","11.60","-","0.70","11.55","10","11.60","56","",
"3231","緯創","54,194,970","17,790","1,877,397,054","34.35","35.00","34.00","34.65","+","0.65","34.60","323","34.65","265","15.07",
"3257","虹冠電","866,540","668","72,301,620","84.00","84.50","82.50","83.10","-","0.90","83.10","10","83.20","1","43.28",
"3296","勝德","58,161","12","754,621","13.00","13.00","12.90","13.00"," ","0.00","12.95","1","13.00","19","",
"3305","昇貿","88,049","51","1,827,481","20.80","20.85","20.70","20.80","+","0.05","20.70","5","20.80","9","15.07",
"3308","聯德","8,231","17","48,190","5.72","5.92","5.72","5.90","-","0.03","5.73","2","5.90","4","",
"3311","閎暉","337,052","182","9,934,808","29.15","30.25","29.15","29.20","+","0.05","29.20","7","29.25","1","",
"3312","弘憶股","889,570","384","13,803,373","15.60","15.60","15.45","15.50","+","0.05","15.50","14","15.55","64","11.83",
"3321","同泰","2,421,887","717","30,030,842","12.40","12.40","12.35","12.40","+","1.10","12.40","1,212","--","0","",
"3338","泰碩","2,924,654","2,084","260,836,529","89.50","90.00","88.50","89.00","+","0.40","89.00","6","89.20","7","25.65",
"3356","奇偶","525,594","281","12,001,900","23.05","23.30","22.55","22.65","-","0.30","22.65","2","22.70","1","41.94",
"3376","新日興","2,198,866","1,201","318,519,704","146.00","147.50","143.00","144.00","-","2.50","144.00","44","144.50","30","19.02",
"3380","明泰","6,269,831","4,133","169,429,644","27.20","27.25","26.75","26.95","-","0.25","26.90","3","26.95","278","134.75",
"3383","新世紀","42,418","24","176,352","4.20","4.20","4.14","4.14","-","0.07","4.14","16","4.15","10","",
"3406","玉晶光","16,513,122","13,119","10,633,414,494","621.00","675.00","615.00","627.00","+","7.00","627.00","20","630.00","25","23.06",
"3413","京鼎","2,022,710","1,437","355,116,040","177.00","178.00","173.00","173.00","-","2.50","172.50","44","173.50","10","17.89",
"3416","融程電","134,090","97","7,745,510","58.50","58.50","57.30","58.10","-","0.10","58.00","5","58.10","3","17.77",
"3419","譁裕","425,000","208","6,129,950","14.55","14.55","14.30","14.35","+","0.05","14.35","32","14.45","20","",
"3432","台端","1,104,638","295","14,039,678","12.00","12.95","12.00","12.95","+","1.15","12.95","135","--","0","17.74",
"3437","榮創","6,073,520","2,728","112,709,491","19.35","19.45","18.00","18.00","-","1.10","18.00","122","18.05","7","",
"3443","創意","4,023,331","1,967","882,420,818","220.50","224.50","217.00","217.00","-","2.50","217.00","93","218.00","1","50.23",
"3450","聯鈞","11,206,104","7,324","819,166,838","72.60","74.90","71.50","71.50","-","1.00","71.50","14","71.70","3","37.83",
"3454","晶睿","199,056","160","14,802,425","73.70","75.00","73.70","75.00","+","1.50","74.80","27","75.00","11","23.51",
"3481","群創","230,982,348","33,594","1,855,692,359","8.04","8.19","7.88","7.88","-","0.07","7.88","802","7.89","1,752","",
"3494","誠研","221,001","56","775,533","3.53","3.56","3.48","3.51","-","0.01","3.48","13","3.51","1","",
"3501","維熹","53,186","40","2,459,171","46.45","46.45","46.10","46.20","+","0.10","46.15","4","46.20","2","10.50",
"3504","揚明光","1,467,100","1,159","98,232,070","65.70","68.20","65.10","66.10","+","0.40","66.00","25","66.10","10","",
"3515","華擎","2,197,110","1,873","305,871,900","140.50","142.00","138.00","139.00","-","1.50","138.50","124","139.00","6","24.43",
"3518","柏騰","403,080","243","14,262,050","35.50","36.00","34.80","35.00","-","0.50","35.00","1","35.05","3","",
"3528","安馳","27,340","22","1,065,460","38.95","39.10","38.90","39.00"," ","0.00","39.00","1","39.05","5","14.55",
"3530","晶相光","579,200","452","46,669,300","80.10","81.10","80.10","80.40","+","0.70","80.40","7","80.50","2","31.53",
"3532","台勝科","6,726,508","3,835","906,316,596","134.50","139.50","132.00","132.00","-","3.00","132.00","165","132.50","1","34.65",
"3533","嘉澤","1,457,876","1,229","566,447,828","389.00","394.00","386.00","386.00","-","3.00","386.00","22","387.00","1","18.39",
"3535","晶彩科","2,561,468","1,089","42,684,897","16.95","17.00","16.20","16.45"," ","0.00","16.35","2","16.45","12","48.38",
"3536","誠創","19,837","7","57,926","2.95","2.95","2.90","2.90","-","0.04","2.90","10","2.98","1","",
"3543","州巧","131,000","68","2,259,800","17.30","17.30","17.20","17.25","-","0.05","17.25","9","17.30","32","14.02",
"3545","敦泰","8,455,444","3,576","278,404,044","32.65","33.30","32.60","32.75","+","0.35","32.75","18","32.80","84","131.00",
"3550","聯穎","46,000","27","591,950","12.90","12.90","12.85","12.90"," ","0.00","12.85","1","12.90","4","26.88",
"3563","牧德","745,908","732","236,745,020","317.50","322.00","313.50","313.50","-","4.00","313.50","23","314.00","5","16.35",
"3576","聯合再生","22,160,422","4,484","143,058,108","6.20","6.69","6.16","6.42","+","0.26","6.42","76","6.43","9","",
"3583","辛耘","182,022","133","8,798,517","48.50","48.60","48.20","48.30","-","0.10","48.25","12","48.30","6","16.83",
"3588","通嘉","803,215","437","26,599,050","33.20","33.60","32.50","32.50","-","0.30","32.45","33","32.50","6","57.02",
"3591","艾笛森","286,701","131","3,296,455","11.80","11.80","11.20","11.40","-","0.40","11.40","38","11.45","4","",
"3593","力銘","211,406","97","2,188,488","10.50","10.60","10.20","10.40","-","0.05","10.40","2","10.45","11","",
"3596","智易","2,243,040","1,151","185,201,367","83.30","83.70","81.70","81.70","-","1.20","81.60","68","81.90","5","14.16",
"3605","宏致","7,837,378","3,104","225,657,194","28.00","29.95","27.45","28.50","+","0.55","28.45","27","28.50","2","13.70",
"3607","谷崧","279,001","130","3,425,862","12.10","12.40","12.10","12.35","+","0.25","12.30","10","12.35","5","",
"3617","碩天","149,020","103","12,371,500","82.80","83.30","82.50","83.10","+","0.50","83.00","35","83.20","5","13.90",
"3622","洋華","211,696","104","4,227,320","20.25","20.25","19.85","19.85","-","0.20","19.85","7","19.95","1","21.34",
"3645","達邁","282,928","202","10,780,664","38.45","38.50","37.85","37.95","-","0.50","37.95","2","38.00","4","35.80",
"3653","健策","1,493,569","1,241","420,431,100","285.00","285.00","278.50","279.50","-","4.50","279.00","11","279.50","5","38.71",
"3661","世芯-KY","6,013,541","4,916","2,361,527,236","388.00","398.50","386.00","395.50","+","9.50","395.00","2","395.50","12","47.25",
"3665","貿聯-KY","1,703,946","1,237","363,259,106","211.00","216.00","211.00","211.50","+","1.50","211.50","4","212.00","7","15.78",
"3669","圓展","8,595,868","4,733","300,952,507","37.65","37.65","32.70","32.70","-","1.55","32.70","16","32.80","11","21.80",
"3673","TPK-KY","4,620,469","2,446","211,590,624","45.10","46.15","45.00","46.00","+","0.90","45.95","1","46.00","110","83.64",
"3679","新至陞","43,371","40","2,756,347","64.30","64.30","63.40","63.70"," ","0.00","63.40","1","63.80","5","9.10",
"3682","亞太電","7,453,894","2,041","53,464,529","7.30","7.30","7.09","7.09","-","0.18","7.09","72","7.10","2","",
"3686","達能","316,274","120","1,265,748","3.96","4.05","3.96","4.00","+","0.01","4.00","3","4.01","11","",
"3694","海華","577,358","292","10,546,858","17.90","18.80","17.70","18.10","+","0.50","18.10","7","18.30","3","",
"3698","隆達","40,768,638","11,538","859,814,978","21.35","21.35","20.15","20.45","X","0.00","20.40","69","20.45","107","",
"3701","大眾控","2,998","16","40,717","13.65","13.65","13.65","13.65","+","0.10","13.30","5","13.60","20","",
"3702","大聯大","9,616,235","2,000","373,730,303","39.05","39.10","38.80","38.80","-","0.20","38.80","49","38.85","15","10.72",
"3702A","大聯大甲特","168,500","56","8,424,225","49.95","50.00","49.95","50.00","+","0.05","49.95","24","50.10","56","",
"3704","合勤控","2,151,211","947","35,467,016","16.50","16.75","16.20","16.20","-","0.30","16.15","76","16.20","70","",
"3706","神達","14,669,145","2,836","461,148,444","31.60","31.60","31.35","31.45"," ","0.00","31.45","211","31.50","166","11.07",
"3711","日月光投控","13,415,108","3,801","913,339,781","67.30","68.50","67.10","68.20","+","0.70","68.00","2","68.30","237","15.54",
"3712","永崴投控","7,373,447","3,341","181,838,488","24.05","25.30","23.50","24.80","+","0.70","24.75","18","24.80","7","",
"4545","銘鈺","518,000","290","16,201,250","30.90","32.15","30.50","31.00","+","1.05","30.95","1","31.00","4","155.00",
"4904","遠傳","5,482,779","1,485","364,916,548","67.00","67.20","66.40","66.40","-","0.30","66.40","115","66.70","24","24.96",
"4906","正文","8,503,507","2,097","191,262,427","22.10","22.70","22.00","22.55","+","0.35","22.55","34","22.60","74","",
"4912","聯德控股-KY","60,467","52","5,292,121","88.00","88.60","86.50","87.20","-","1.80","87.20","5","87.50","1","16.12",
"4915","致伸","5,923,190","3,491","298,238,345","51.30","51.60","49.85","49.95","-","0.95","49.90","40","49.95","6","10.91",
"4916","事欣科","260,700","170","7,337,609","27.95","28.30","27.95","28.05","+","0.15","28.05","12","28.10","3","7.23",
"4919","新唐","1,437,619","908","56,109,691","38.55","39.45","38.50","39.20","+","0.85","39.15","6","39.20","11","20.96",
"4927","泰鼎-KY","16,020,761","9,435","1,160,872,898","69.70","74.10","69.70","73.60","+","4.20","73.50","20","73.60","50","16.32",
"4934","太極","3,695,459","1,383","63,456,568","16.80","17.50","16.70","17.05","+","0.45","17.05","69","17.10","35","",
"4935","茂林-KY","1,715,475","1,347","223,030,750","132.00","132.50","128.00","128.00","-","4.00","128.00","124","128.50","1","39.88",
"4938","和碩","17,805,737","6,429","1,224,977,984","68.60","69.30","68.20","68.80","-","0.10","68.80","5","68.90","3","9.20",
"4942","嘉彰","311,200","177","11,386,360","36.55","36.75","36.45","36.55","+","0.15","36.55","3","36.60","2","8.87",
"4943","康控-KY","1,247,908","1,024","145,666,777","116.00","118.00","115.00","116.50"," ","0.00","116.50","36","117.00","11","32.45",
"4952","凌通","206,003","123","6,198,893","30.00","30.20","30.00","30.15","+","0.20","30.10","1","30.15","3","15.54",
"4956","光鋐","7,061,043","3,276","141,736,553","20.50","20.60","19.65","19.80","-","1.10","19.80","9","19.85","50","",
"4958","臻鼎-KY","8,918,126","4,138","1,208,499,636","134.50","137.50","133.00","137.00","+","2.50","136.50","104","137.00","110","13.47",
"4960","誠美材","6,765,050","1,863","54,594,683","8.24","8.34","7.90","7.93","-","0.30","7.93","4","7.94","9","",
"4961","天鈺","981,363","574","28,518,772","28.95","29.35","28.75","29.00","+","0.30","29.00","14","29.05","15","16.48",
"4967","十銓","1,313,261","662","51,309,054","39.10","39.25","38.90","38.95","-","0.15","38.95","31","39.00","1","22.01",
"4968","立積","2,466,501","1,707","422,014,172","173.00","173.00","170.00","172.00"," ","0.00","171.00","14","172.00","81","43.65",
"4976","佳凌","1,609,356","943","37,744,193","23.70","24.00","23.00","23.40","-","0.30","23.30","14","23.40","1","",
"4977","眾達-KY","1,428,984","1,061","175,354,548","125.50","126.50","121.00","121.00","-","3.50","121.00","51","121.50","8","32.35",
"4989","榮科","92,000","44","1,786,450","19.65","19.65","19.35","19.35","-","0.10","19.30","13","19.40","6","101.84",
"4994","傳奇","441,450","366","30,135,091","66.60","69.20","66.60","68.70","+","2.00","68.60","4","68.80","11","17.75",
"4999","鑫禾","92,001","60","4,002,593","43.55","43.70","43.35","43.50"," ","0.00","43.50","2","43.55","44","14.31",
"5203","訊連","272,355","199","29,731,227","110.00","110.50","108.00","109.00","-","1.00","109.00","3","109.50","2","23.09",
"5215","科嘉-KY","3,918,209","2,714","413,945,654","103.00","108.00","102.00","106.50","+","3.50","106.00","14","106.50","8","22.76",
"5225","東科-KY","165,300","89","4,224,450","25.85","25.85","25.45","25.45"," ","0.00","25.45","8","25.50","6","66.97",
"5234","達興材料","116,100","107","10,490,189","90.20","90.80","89.40","90.20","+","0.40","90.20","1","90.30","2","13.81",
"5243","乙盛-KY","317,104","179","10,256,908","32.30","32.65","32.20","32.30"," ","0.00","32.25","17","32.30","2","10.80",
"5258","虹堡","472,000","276","11,011,500","23.50","24.20","22.95","23.05","+","0.70","23.05","6","23.10","2","10.67",
"5264","鎧勝-KY","12,079,082","4,144","754,175,006","64.00","64.10","61.60","62.40","-","1.90","62.30","1","62.40","66","",
"5269","祥碩","1,516,568","839","2,110,411,680","1,405.00","1,445.00","1,365.00","1,365.00","-","55.00","1,360.00","40","1,385.00","14","69.01",
"5285","界霖","91,100","76","4,154,000","46.15","46.15","45.30","45.50","-","0.15","45.45","2","45.50","20","24.86",
"5305","敦南","560,814","161","23,234,715","41.50","41.55","41.40","41.40","-","0.10","41.40","674","41.45","2","5.04",
"5388","中磊","3,977,857","2,068","308,780,874","78.00","78.30","77.10","77.10","-","0.60","77.10","28","77.30","3","21.07",
"5434","崇越","922,400","610","99,676,495","108.50","109.00","107.50","107.50","-","1.00","107.50","142","108.50","9","10.90",
"5469","瀚宇博","7,215,813","3,311","279,683,175","38.40","39.20","38.15","39.10","+","1.05","39.10","158","39.15","290","7.16",
"5471","松翰","7,196,908","3,540","385,508,175","53.50","54.20","52.60","53.80","+","0.70","53.70","55","53.80","15","20.30",
"5484","慧友","107,040","44","936,213","8.44","9.10","8.44","8.70","+","0.20","8.56","468","8.85","1","",
"6108","競國","298,000","166","6,778,900","22.95","22.95","22.60","22.75"," ","0.00","22.70","3","22.75","13","22.98",
"6112","聚碩","1,244,039","901","51,774,759","40.95","41.95","40.95","41.55","+","0.60","41.55","6","41.65","7","18.55",
"6115","鎰勝","31,408","31","1,381,070","44.00","44.00","43.90","43.95","+","0.10","43.90","10","44.00","14","15.64",
"6116","彩晶","25,377,320","4,103","168,708,541","6.64","6.75","6.55","6.55","-","0.06","6.55","603","6.56","5","46.79",
"6117","迎廣","294,050","154","5,582,240","18.95","19.35","18.70","18.70","-","0.15","18.70","19","18.80","1","",
"6120","達運","2,418,025","1,030","26,683,675","11.05","11.30","10.85","11.05","+","0.10","11.00","5","11.05","4","",
"6128","上福","175,289","65","5,229,590","29.85","30.00","29.75","29.95","+","0.10","29.95","2","30.00","15","12.97",
"6131","鈞泰","16,249","8","37,492","2.30","2.34","2.30","2.34","-","0.01","2.34","7","2.35","9","",
"6133","金橋","29,000","17","215,510","7.40","7.49","7.34","7.39","+","0.04","7.34","3","7.41","1","",
"6136","富爾特","219,686","117","4,186,585","19.05","19.15","19.00","19.10","+","0.05","19.10","7","19.15","3","28.94",
"6139","亞翔","469,589","254","12,766,053","27.30","27.40","27.05","27.05","-","0.20","27.05","5","27.10","1","14.94",
"6141","柏承","2,280,030","957","42,435,813","18.30","18.90","18.15","18.80","+","0.70","18.75","2","18.80","54","4.85",
"6142","友勁","909,712","304","8,191,420","9.00","9.10","8.95","8.97","-","0.07","8.97","2","9.00","39","",
"6152","百一","451,018","170","2,746,718","6.00","6.19","5.90","6.10","+","0.23","6.10","6","6.12","4","21.03",
"6153","嘉聯益","35,060,633","15,889","1,109,780,216","31.00","32.40","30.65","32.25","+","1.95","32.25","5","32.30","139","806.25",
"6155","鈞寶","377,479","261","9,335,752","24.60","25.20","24.05","24.65","+","0.30","24.60","14","24.70","4","36.25",
"6164","華興","270,541","139","1,774,292","6.59","6.74","6.48","6.53","-","0.02","6.51","1","6.53","1","",
"6165","捷泰","302,640","147","9,433,251","30.80","31.65","30.80","31.10","+","0.25","31.10","5","31.15","6","",
"6166","凌華","1,715,002","1,147","126,964,146","70.80","76.60","70.50","76.60","+","6.90","76.60","888","--","0","39.69",
"6168","宏齊","1,612,167","720","21,380,721","13.70","13.75","13.05","13.10","-","0.50","13.10","2","13.15","3","",
"6172","互億","33,000","24","755,450","23.20","23.20","22.65","22.65","-","0.45","22.60","7","22.85","4","113.25",
"6176","瑞儀","7,044,302","4,127","840,796,438","118.50","120.50","118.00","119.00","+","1.50","119.00","175","119.50","158","10.73",
"6183","關貿","863,417","674","43,391,432","49.30","51.30","49.00","50.90","+","2.30","50.90","13","51.00","26","26.51",
"6189","豐藝","105,002","76","3,590,168","34.35","34.35","34.10","34.15","-","0.05","34.15","2","34.20","6","12.28",
"6191","精成科","2,895,479","1,114","41,606,800","14.35","14.50","14.25","14.25","+","0.05","14.25","137","14.30","118","7.74",
"6192","巨路","128,464","92","8,649,220","67.10","67.60","67.10","67.60","+","0.10","67.50","1","67.80","21","10.66",
"6196","帆宣","1,283,722","875","104,779,885","81.70","82.20","81.10","81.10","-","0.50","81.10","5","81.20","1","19.36",
"6197","佳必琪","584,661","339","19,770,667","33.70","34.05","33.50","34.05","+","0.40","33.90","1","34.05","30","14.61",
"6201","亞弘電","28,000","19","961,750","34.20","34.40","34.20","34.40","+","0.40","34.20","1","34.40","2","14.83",
"6202","盛群","7,001,089","1,519","458,513,774","65.50","66.70","65.20","65.20","-","0.10","65.10","127","65.20","14","17.20",
"6205","詮欣","538,572","336","20,300,071","38.40","38.45","37.10","37.80","-","0.20","37.70","1","37.80","11","26.81",
"6206","飛捷","82,999","81","5,878,127","71.00","71.00","70.70","70.70","-","0.10","70.70","3","71.00","4","13.65",
"6209","今國光","19,002,552","7,924","607,573,094","32.20","32.20","31.05","32.20","+","2.90","32.20","5,370","--","0","",
"6213","聯茂","3,159,501","2,105","469,845,147","149.50","150.50","147.00","147.00","-","2.00","147.00","125","147.50","29","20.97",
"6214","精誠","5,801,400","989","457,650,539","80.80","81.50","78.50","78.50","-","1.90","78.50","125","79.40","138","13.13",
"6215","和椿","121,005","76","1,808,125","14.95","15.00","14.85","14.95","+","0.05","14.95","4","15.00","7","22.65",
"6216","居易","49,001","28","1,360,377","27.75","27.85","27.70","27.70","+","0.05","27.70","5","27.75","1","14.97",
"6224","聚鼎","246,100","195","16,252,700","66.60","66.90","65.50","65.60","-","0.90","65.60","6","65.80","2","13.02",
"6225","天瀚","2,498","3","7,254","2.85","2.98","2.85","2.98","+","0.18","2.65","2","3.00","1","",
"6226","光鼎","19,567,725","5,611","179,451,814","8.79","9.50","8.61","9.06","+","0.41","9.06","25","9.10","24","7.68",
"6230","超眾","4,794,495","3,220","1,282,764,357","258.00","277.50","256.00","277.50","+","25.00","277.50","1,899","--","0","36.80",
"6235","華孚","489,000","169","6,669,800","13.85","13.85","13.45","13.50","-","0.15","13.50","1","13.55","17","",
"6239","力成","5,896,728","3,130","603,143,886","102.00","103.00","101.50","101.50","-","1.50","101.50","65","102.00","212","12.24",
"6243","迅杰","748,346","331","6,800,864","8.75","9.31","8.71","9.04","+","0.55","9.03","1","9.04","8","",
"6251","定穎","5,689,626","1,763","102,890,777","18.10","18.35","17.85","17.90","-","0.10","17.90","85","17.95","19","6.81",
"6257","矽格","6,192,188","2,760","237,454,775","38.30","38.65","38.05","38.15","+","0.15","38.15","47","38.40","3","11.22",
"6269","台郡","7,197,835","3,959","856,880,777","119.50","120.00","116.50","120.00","+","2.00","119.50","25","120.00","919","11.74",
"6271","同欣電","5,271,024","3,472","803,276,597","153.50","154.50","151.00","151.50","-","2.00","151.50","75","152.00","22","27.85",
"6277","宏正","118,115","88","10,753,388","91.40","91.40","90.80","90.80","-","0.60","90.80","38","91.00","1","11.93",
"6278","台表科","45,108,898","27,040","5,802,591,852","128.00","135.50","124.00","124.50","-","1.00","124.50","80","125.00","8","21.21",
"6281","全國電","76,000","48","5,467,000","72.00","72.10","71.60","71.80"," ","0.00","71.70","6","71.90","9","15.78",
"6282","康舒","3,995,663","1,221","83,237,640","20.65","21.00","20.65","20.70","+","0.05","20.65","324","20.70","133","7.31",
"6283","淳安","261,204","136","6,271,003","23.90","24.25","23.60","23.90","+","0.30","23.90","1","23.95","1","",
"6285","啟碁","4,666,434","1,219","297,225,339","63.90","64.20","63.30","63.60","+","0.10","63.50","58","63.60","17","16.96",
"6289","華上","3,109","9","5,435","1.80","1.80","1.75","1.75","-","0.05","1.75","7","1.80","2","",
"6405","悅城","23,000","13","335,350","14.95","14.95","14.45","14.65","+","0.05","14.65","1","14.70","1","",
"6409","旭隼","149,861","122","127,714,850","850.00","865.00","846.00","850.00","-","6.00","849.00","1","850.00","5","32.89",
"6412","群電","1,665,554","1,141","110,757,225","65.00","67.50","64.60","67.50","+","2.70","67.50","1,195","67.60","22","16.96",
"6414","樺漢","7,981,259","5,436","2,047,907,117","250.00","263.00","247.00","263.00","+","23.50","263.00","1,779","--","0","19.00",
"6415","矽力-KY","1,281,429","1,131","2,363,647,200","1,785.00","1,905.00","1,775.00","1,815.00","+","45.00","1,815.00","3","1,820.00","1","62.63",
"6416","瑞祺電通","10,263,596","7,103","1,525,776,420","148.00","153.50","143.50","145.00","+","0.50","145.00","6","145.50","14","31.80",
"6431","光麗-KY","101,000","55","2,399,650","23.95","24.05","23.40","23.95","-","0.05","23.90","1","23.95","5","",
"6442","光聖","38,455","14","1,384,212","36.00","36.10","35.75","36.10","+","0.20","36.00","2","36.10","1","",
"6443","元晶","4,538,186","1,187","32,647,078","7.06","7.45","6.91","7.15","+","0.25","7.15","7","7.19","4","",
"6449","鈺邦","46,358","51","1,430,787","31.15","31.15","30.65","30.80","-","0.05","30.75","4","30.85","3","16.04",
"6451","訊芯-KY","1,266,215","991","132,584,397","104.00","106.50","104.00","105.00","+","1.00","104.50","4","105.00","14","17.30",
"6456","GIS-KY","5,856,276","3,803","654,367,412","113.00","114.00","111.00","111.00","-","3.00","111.00","334","111.50","17","13.39",
"6477","安集","717,491","308","16,622,644","22.70","23.50","22.70","22.95","+","0.30","22.90","3","22.95","1","12.97",
"6525","捷敏-KY","268,205","218","17,174,475","64.50","64.60","63.70","63.80","-","0.50","63.80","17","64.10","2","12.39",
"6531","愛普","1,009,324","554","369,538,500","345.00","375.00","345.00","375.00","+","34.00","375.00","448","--","0","255.10",
"6533","晶心科","862,829","638","105,454,548","122.50","124.50","121.00","121.50","+","0.50","121.50","15","122.00","3","3,037.50",
"6552","易華電","2,968,033","1,872","184,515,755","60.20","62.80","60.10","62.30","+","1.90","62.20","15","62.30","8","15.23",
"6558","興能高","919,063","714","37,768,938","40.60","41.50","40.30","41.50","+","1.10","41.50","12","41.55","4","38.07",
"6573","虹揚-KY","1,213,150","480","22,704,934","17.65","19.25","17.25","19.25","+","1.75","19.15","19","19.25","34","",
"6579","研揚","123,105","94","8,240,740","66.50","67.90","65.50","67.60","+","1.20","67.60","6","67.80","5","35.03",
"6591","動力-KY","226,002","182","10,654,294","47.50","47.85","46.55","46.70","-","0.30","46.70","1","46.80","1","14.37",
"6668","中揚光","353,000","256","21,431,300","60.30","61.20","60.10","60.30","+","0.20","60.20","18","60.30","2","35.06",
"6669","緯穎","2,986,755","2,222","2,480,230,160","835.00","842.00","818.00","830.00"," ","0.00","830.00","8","831.00","20","22.54",
"6672","騰輝電子-KY","465,600","299","41,445,618","89.00","89.50","88.70","88.70","-","0.40","88.70","6","88.80","1","12.32",
"6674","鋐寶科技","49,000","31","1,228,600","24.75","25.40","24.60","25.25","+","0.35","25.20","1","25.30","1","360.71",
"6698","旭暉應材","111,000","78","5,645,900","50.60","51.60","50.60","50.80","+","0.20","50.70","5","50.80","4","23.20",
"6706","惠特","3,475,023","2,599","567,151,755","165.00","166.00","158.50","162.00","-","6.50","162.00","14","162.50","3","38.03",
"6715","嘉基","1,162,400","967","168,203,600","145.50","148.50","142.50","144.50","+","0.50","144.00","9","144.50","2","46.76",
"8011","台通","2,820,200","1,233","50,845,880","17.80","18.30","17.65","18.00","+","0.25","18.00","84","18.05","12","",
"8016","矽創","3,491,813","1,440","539,297,328","156.50","157.50","153.00","153.00","-","3.00","153.00","105","153.50","109","13.95",
"8021","尖點","1,163,852","468","25,395,900","21.90","22.05","21.70","21.70","-","0.10","21.70","48","21.75","12","17.09",
"8028","昇陽半導體","1,920,776","1,203","110,264,373","58.00","58.20","56.70","56.70","-","0.80","56.70","11","56.80","9","25.09",
"8039","台虹","1,853,230","1,077","88,073,945","47.90","47.90","47.15","47.15","-","0.65","47.15","69","47.45","1","13.67",
"8046","南電","11,456,991","6,365","793,300,271","69.10","70.00","68.50","69.60","+","0.20","69.50","50","69.60","124","42.70",
"8070","長華","90,309","65","14,852,176","165.50","165.50","164.00","164.50","-","0.50","164.00","10","165.00","2","11.67",
"8072","陞泰","1,546,916","1,062","47,978,724","30.30","32.40","29.10","29.50","-","0.60","29.50","5","29.55","11","",
"8081","致新","3,286,697","2,171","510,787,569","151.00","158.00","150.50","156.50","+","6.00","156.00","34","156.50","15","15.97",
"8101","華冠","508,000","89","1,903,770","3.87","3.89","3.69","3.80"," ","0.00","3.80","3","3.83","12","",
"8103","瀚荃","1,881,473","940","53,554,507","27.20","29.00","27.20","28.35","+","1.15","28.35","16","28.40","1","13.25",
"8104","錸寶","1,773,080","1,300","81,859,171","46.00","47.45","44.80","45.30","-","0.75","45.20","8","45.30","1","113.25",
"8105","凌巨","3,010,127","941","29,710,820","9.75","10.10","9.75","9.75","+","0.07","9.74","13","9.75","9","",
"8110","華東","843,550","302","8,445,356","10.10","10.10","9.95","9.97","-","0.03","9.97","3","9.98","16","34.38",
"8112","至上","10,893,070","2,100","322,045,967","29.50","29.65","29.40","29.60","+","0.15","29.60","391","29.65","120","8.34",
"8114","振樺電","98,809","95","8,311,482","83.40","85.20","83.00","85.20","+","2.20","84.50","1","85.20","3","17.57",
"8131","福懋科","445,250","264","16,713,862","37.55","37.70","37.40","37.45","+","0.10","37.45","32","37.65","11","11.89",
"8150","南茂","12,698,655","5,824","440,197,411","35.05","35.20","34.25","34.80","+","0.30","34.75","128","34.80","147","8.15",
"8163","達方","2,755,130","1,518","104,872,877","38.00","38.40","37.70","37.70","+","0.05","37.70","21","37.75","126","13.14",
"8201","無敵","4,946,508","415","45,458,865","8.53","9.27","8.53","9.27","+","0.84","9.27","17","--","0","",
"8210","勤誠","607,692","490","59,327,077","98.50","98.50","96.90","97.10","-","0.10","97.10","5","97.30","3","13.50",
"8213","志超","2,236,571","854","77,164,733","34.75","34.80","34.25","34.25","-","0.50","34.25","106","34.30","1","5.31",
"8215","明基材","5,158,121","2,119","95,579,134","19.00","19.00","18.25","18.35","-","0.75","18.35","34","18.40","81","26.99",
"8249","菱光","349,101","177","6,436,722","18.55","18.55","18.35","18.40","-","0.10","18.40","30","18.50","2","17.36",
"8261","富鼎","1,720,427","907","48,472,906","27.60","28.80","27.60","28.15","+","0.60","28.10","3","28.20","10","38.04",
"8271","宇瞻","890,682","557","42,522,255","47.80","48.20","47.50","47.55","-","0.15","47.55","4","47.60","1","10.34",
"9912","偉聯","16,490","20","112,557","6.86","6.89","6.81","6.89","+","0.03","6.81","8","6.89","1","",

